USE jpetstore;

INSERT INTO SEQUENCE VALUES ('ORDERNUM', 1000);
INSERT INTO SEQUENCE VALUES ('LINENUM', 1000);

INSERT INTO SIGNON VALUES ('J2EE','J2EE');
INSERT INTO SIGNON VALUES ('ACID','ACID');

INSERT INTO ACCOUNT VALUES ('J2EE','YOURNAME@YOURDOMAIN.COM','ABC', 'XYX', 'OK', '901 SAN ANTONIO ROAD', 'MS UCUP02-206', 'PALO ALTO', 'CA', '94303', 'USA',  '555-555-5555');
INSERT INTO ACCOUNT VALUES ('ACID','ACID@YOURDOMAIN.COM','ABC', 'XYX', 'OK', '901 SAN ANTONIO ROAD', 'MS UCUP02-206', 'PALO ALTO', 'CA', '94303', 'USA',  '555-555-5555');

INSERT INTO PROFILE VALUES ('J2EE','ENGLISH','DOGS','1','1');
INSERT INTO PROFILE VALUES ('ACID','ENGLISH','CATS','1','1');

INSERT INTO BANNERDATA VALUES ('FISH','<IMAGE SRC="../IMAGES/BANNER_FISH.GIF">');
INSERT INTO BANNERDATA VALUES ('CATS','<IMAGE SRC="../IMAGES/BANNER_CATS.GIF">');
INSERT INTO BANNERDATA VALUES ('DOGS','<IMAGE SRC="../IMAGES/BANNER_DOGS.GIF">');
INSERT INTO BANNERDATA VALUES ('REPTILES','<IMAGE SRC="../IMAGES/BANNER_REPTILES.GIF">');
INSERT INTO BANNERDATA VALUES ('BIRDS','<IMAGE SRC="../IMAGES/BANNER_BIRDS.GIF">');

INSERT INTO CATEGORY VALUES ('FISH','FISH','<IMAGE SRC="../IMAGES/FISH_ICON.GIF"><FONT SIZE="5" COLOR="BLUE"> FISH</FONT>');
INSERT INTO CATEGORY VALUES ('DOGS','DOGS','<IMAGE SRC="../IMAGES/DOGS_ICON.GIF"><FONT SIZE="5" COLOR="BLUE"> DOGS</FONT>');
INSERT INTO CATEGORY VALUES ('REPTILES','REPTILES','<IMAGE SRC="../IMAGES/REPTILES_ICON.GIF"><FONT SIZE="5" COLOR="BLUE"> REPTILES</FONT>');
INSERT INTO CATEGORY VALUES ('CATS','CATS','<IMAGE SRC="../IMAGES/CATS_ICON.GIF"><FONT SIZE="5" COLOR="BLUE"> CATS</FONT>');
INSERT INTO CATEGORY VALUES ('BIRDS','BIRDS','<IMAGE SRC="../IMAGES/BIRDS_ICON.GIF"><FONT SIZE="5" COLOR="BLUE"> BIRDS</FONT>');

INSERT INTO PRODUCT VALUES ('FI-SW-01','FISH','ANGELFISH','<IMAGE SRC="../IMAGES/FISH1.JPG">SALT WATER FISH FROM AUSTRALIA');
INSERT INTO PRODUCT VALUES ('FI-SW-02','FISH','TIGER SHARK','<IMAGE SRC="../IMAGES/FISH4.GIF">SALT WATER FISH FROM AUSTRALIA');
INSERT INTO PRODUCT VALUES ('FI-FW-01','FISH', 'KOI','<IMAGE SRC="../IMAGES/FISH3.GIF">FRESH WATER FISH FROM JAPAN');
INSERT INTO PRODUCT VALUES ('FI-FW-02','FISH', 'GOLDFISH','<IMAGE SRC="../IMAGES/FISH2.GIF">FRESH WATER FISH FROM CHINA');
INSERT INTO PRODUCT VALUES ('K9-BD-01','DOGS','BULLDOG','<IMAGE SRC="../IMAGES/DOG2.GIF">FRIENDLY DOG FROM ENGLAND');
INSERT INTO PRODUCT VALUES ('K9-PO-02','DOGS','POODLE','<IMAGE SRC="../IMAGES/DOG6.GIF">CUTE DOG FROM FRANCE');
INSERT INTO PRODUCT VALUES ('K9-DL-01','DOGS', 'DALMATION','<IMAGE SRC="../IMAGES/DOG5.GIF">GREAT DOG FOR A FIRE STATION');
INSERT INTO PRODUCT VALUES ('K9-RT-01','DOGS', 'GOLDEN RETRIEVER','<IMAGE SRC="../IMAGES/DOG1.GIF">GREAT FAMILY DOG');
INSERT INTO PRODUCT VALUES ('K9-RT-02','DOGS', 'LABRADOR RETRIEVER','<IMAGE SRC="../IMAGES/DOG5.GIF">GREAT HUNTING DOG');
INSERT INTO PRODUCT VALUES ('K9-CW-01','DOGS', 'CHIHUAHUA','<IMAGE SRC="../IMAGES/DOG4.GIF">GREAT COMPANION DOG');
INSERT INTO PRODUCT VALUES ('RP-SN-01','REPTILES','RATTLESNAKE','<IMAGE SRC="../IMAGES/LIZARD3.GIF">DOUBLES AS A WATCH DOG');
INSERT INTO PRODUCT VALUES ('RP-LI-02','REPTILES','IGUANA','<IMAGE SRC="../IMAGES/LIZARD2.GIF">FRIENDLY GREEN FRIEND');
INSERT INTO PRODUCT VALUES ('FL-DSH-01','CATS','MANX','<IMAGE SRC="../IMAGES/CAT3.GIF">GREAT FOR REDUCING MOUSE POPULATIONS');
INSERT INTO PRODUCT VALUES ('FL-DLH-02','CATS','PERSIAN','<IMAGE SRC="../IMAGES/CAT1.GIF">FRIENDLY HOUSE CAT, DOUBLES AS A PRINCESS');
INSERT INTO PRODUCT VALUES ('AV-CB-01','BIRDS','AMAZON PARROT','<IMAGE SRC="../IMAGES/BIRD4.GIF">GREAT COMPANION FOR UP TO 75 YEARS');
INSERT INTO PRODUCT VALUES ('AV-SB-02','BIRDS','FINCH','<IMAGE SRC="../IMAGES/BIRD1.GIF">GREAT STRESS RELIEVER');

INSERT INTO SUPPLIER VALUES (1,'XYZ PETS','AC','600 AVON WAY','','LOS ANGELES','CA','94024','212-947-0797');
INSERT INTO SUPPLIER VALUES (2,'ABC PETS','AC','700 ABALONE WAY','','SAN FRANCISCO ','CA','94024','415-947-0797');

INSERT INTO ITEM (ITEMID, PRODUCTID, LISTPRICE, UNITCOST, SUPPLIER, STATUS, ATTR1) VALUES ('EST-1','FI-SW-01',16.50,10.00,1,'P','LARGE');
INSERT INTO ITEM (ITEMID, PRODUCTID, LISTPRICE, UNITCOST, SUPPLIER, STATUS, ATTR1) VALUES ('EST-2','FI-SW-01',16.50,10.00,1,'P','SMALL');
INSERT INTO ITEM (ITEMID, PRODUCTID, LISTPRICE, UNITCOST, SUPPLIER, STATUS, ATTR1) VALUES ('EST-3','FI-SW-02',18.50,12.00,1,'P','TOOTHLESS');
INSERT INTO ITEM (ITEMID, PRODUCTID, LISTPRICE, UNITCOST, SUPPLIER, STATUS, ATTR1) VALUES ('EST-4','FI-FW-01',18.50,12.00,1,'P','SPOTTED');
INSERT INTO ITEM (ITEMID, PRODUCTID, LISTPRICE, UNITCOST, SUPPLIER, STATUS, ATTR1) VALUES ('EST-5','FI-FW-01',18.50,12.00,1,'P','SPOTLESS');
INSERT INTO ITEM (ITEMID, PRODUCTID, LISTPRICE, UNITCOST, SUPPLIER, STATUS, ATTR1) VALUES ('EST-6','K9-BD-01',18.50,12.00,1,'P','MALE ADULT');
INSERT INTO ITEM (ITEMID, PRODUCTID, LISTPRICE, UNITCOST, SUPPLIER, STATUS, ATTR1) VALUES ('EST-7','K9-BD-01',18.50,12.00,1,'P','FEMALE PUPPY');
INSERT INTO ITEM (ITEMID, PRODUCTID, LISTPRICE, UNITCOST, SUPPLIER, STATUS, ATTR1) VALUES ('EST-8','K9-PO-02',18.50,12.00,1,'P','MALE PUPPY');
INSERT INTO ITEM (ITEMID, PRODUCTID, LISTPRICE, UNITCOST, SUPPLIER, STATUS, ATTR1) VALUES ('EST-9','K9-DL-01',18.50,12.00,1,'P','SPOTLESS MALE PUPPY');
INSERT INTO ITEM (ITEMID, PRODUCTID, LISTPRICE, UNITCOST, SUPPLIER, STATUS, ATTR1) VALUES ('EST-10','K9-DL-01',18.50,12.00,1,'P','SPOTTED ADULT FEMALE');
INSERT INTO ITEM (ITEMID, PRODUCTID, LISTPRICE, UNITCOST, SUPPLIER, STATUS, ATTR1) VALUES ('EST-11','RP-SN-01',18.50,12.00,1,'P','VENOMLESS');
INSERT INTO ITEM (ITEMID, PRODUCTID, LISTPRICE, UNITCOST, SUPPLIER, STATUS, ATTR1) VALUES ('EST-12','RP-SN-01',18.50,12.00,1,'P','RATTLELESS');
INSERT INTO ITEM (ITEMID, PRODUCTID, LISTPRICE, UNITCOST, SUPPLIER, STATUS, ATTR1) VALUES ('EST-13','RP-LI-02',18.50,12.00,1,'P','GREEN ADULT');
INSERT INTO ITEM (ITEMID, PRODUCTID, LISTPRICE, UNITCOST, SUPPLIER, STATUS, ATTR1) VALUES ('EST-14','FL-DSH-01',58.50,12.00,1,'P','TAILLESS');
INSERT INTO ITEM (ITEMID, PRODUCTID, LISTPRICE, UNITCOST, SUPPLIER, STATUS, ATTR1) VALUES ('EST-15','FL-DSH-01',23.50,12.00,1,'P','WITH TAIL');
INSERT INTO ITEM (ITEMID, PRODUCTID, LISTPRICE, UNITCOST, SUPPLIER, STATUS, ATTR1) VALUES ('EST-16','FL-DLH-02',93.50,12.00,1,'P','ADULT FEMALE');
INSERT INTO ITEM (ITEMID, PRODUCTID, LISTPRICE, UNITCOST, SUPPLIER, STATUS, ATTR1) VALUES ('EST-17','FL-DLH-02',93.50,12.00,1,'P','ADULT MALE');
INSERT INTO ITEM (ITEMID, PRODUCTID, LISTPRICE, UNITCOST, SUPPLIER, STATUS, ATTR1) VALUES ('EST-18','AV-CB-01',193.50,92.00,1,'P','ADULT MALE');
INSERT INTO ITEM (ITEMID, PRODUCTID, LISTPRICE, UNITCOST, SUPPLIER, STATUS, ATTR1) VALUES ('EST-19','AV-SB-02',15.50, 2.00,1,'P','ADULT MALE');
INSERT INTO ITEM (ITEMID, PRODUCTID, LISTPRICE, UNITCOST, SUPPLIER, STATUS, ATTR1) VALUES ('EST-20','FI-FW-02',5.50, 2.00,1,'P','ADULT MALE');
INSERT INTO ITEM (ITEMID, PRODUCTID, LISTPRICE, UNITCOST, SUPPLIER, STATUS, ATTR1) VALUES ('EST-21','FI-FW-02',5.29, 1.00,1,'P','ADULT FEMALE');
INSERT INTO ITEM (ITEMID, PRODUCTID, LISTPRICE, UNITCOST, SUPPLIER, STATUS, ATTR1) VALUES ('EST-22','K9-RT-02',135.50, 100.00,1,'P','ADULT MALE');
INSERT INTO ITEM (ITEMID, PRODUCTID, LISTPRICE, UNITCOST, SUPPLIER, STATUS, ATTR1) VALUES ('EST-23','K9-RT-02',145.49, 100.00,1,'P','ADULT FEMALE');
INSERT INTO ITEM (ITEMID, PRODUCTID, LISTPRICE, UNITCOST, SUPPLIER, STATUS, ATTR1) VALUES ('EST-24','K9-RT-02',255.50, 92.00,1,'P','ADULT MALE');
INSERT INTO ITEM (ITEMID, PRODUCTID, LISTPRICE, UNITCOST, SUPPLIER, STATUS, ATTR1) VALUES ('EST-25','K9-RT-02',325.29, 90.00,1,'P','ADULT FEMALE');
INSERT INTO ITEM (ITEMID, PRODUCTID, LISTPRICE, UNITCOST, SUPPLIER, STATUS, ATTR1) VALUES ('EST-26','K9-CW-01',125.50, 92.00,1,'P','ADULT MALE');
INSERT INTO ITEM (ITEMID, PRODUCTID, LISTPRICE, UNITCOST, SUPPLIER, STATUS, ATTR1) VALUES ('EST-27','K9-CW-01',155.29, 90.00,1,'P','ADULT FEMALE');
INSERT INTO ITEM (ITEMID, PRODUCTID, LISTPRICE, UNITCOST, SUPPLIER, STATUS, ATTR1) VALUES ('EST-28','K9-RT-01',155.29, 90.00,1,'P','ADULT FEMALE');

INSERT INTO INVENTORY (ITEMID, QTY ) VALUES ('EST-1',10000);
INSERT INTO INVENTORY (ITEMID, QTY ) VALUES ('EST-2',10000);
INSERT INTO INVENTORY (ITEMID, QTY ) VALUES ('EST-3',10000);
INSERT INTO INVENTORY (ITEMID, QTY ) VALUES ('EST-4',10000);
INSERT INTO INVENTORY (ITEMID, QTY ) VALUES ('EST-5',10000);
INSERT INTO INVENTORY (ITEMID, QTY ) VALUES ('EST-6',10000);
INSERT INTO INVENTORY (ITEMID, QTY ) VALUES ('EST-7',10000);
INSERT INTO INVENTORY (ITEMID, QTY ) VALUES ('EST-8',10000);
INSERT INTO INVENTORY (ITEMID, QTY ) VALUES ('EST-9',10000);
INSERT INTO INVENTORY (ITEMID, QTY ) VALUES ('EST-10',10000);
INSERT INTO INVENTORY (ITEMID, QTY ) VALUES ('EST-11',10000);
INSERT INTO INVENTORY (ITEMID, QTY ) VALUES ('EST-12',10000);
INSERT INTO INVENTORY (ITEMID, QTY ) VALUES ('EST-13',10000);
INSERT INTO INVENTORY (ITEMID, QTY ) VALUES ('EST-14',10000);
INSERT INTO INVENTORY (ITEMID, QTY ) VALUES ('EST-15',10000);
INSERT INTO INVENTORY (ITEMID, QTY ) VALUES ('EST-16',10000);
INSERT INTO INVENTORY (ITEMID, QTY ) VALUES ('EST-17',10000);
INSERT INTO INVENTORY (ITEMID, QTY ) VALUES ('EST-18',10000);
INSERT INTO INVENTORY (ITEMID, QTY ) VALUES ('EST-19',10000);
INSERT INTO INVENTORY (ITEMID, QTY ) VALUES ('EST-20',10000);
INSERT INTO INVENTORY (ITEMID, QTY ) VALUES ('EST-21',10000);
INSERT INTO INVENTORY (ITEMID, QTY ) VALUES ('EST-22',10000);
INSERT INTO INVENTORY (ITEMID, QTY ) VALUES ('EST-23',10000);
INSERT INTO INVENTORY (ITEMID, QTY ) VALUES ('EST-24',10000);
INSERT INTO INVENTORY (ITEMID, QTY ) VALUES ('EST-25',10000);
INSERT INTO INVENTORY (ITEMID, QTY ) VALUES ('EST-26',10000);
INSERT INTO INVENTORY (ITEMID, QTY ) VALUES ('EST-27',10000);
INSERT INTO INVENTORY (ITEMID, QTY ) VALUES ('EST-28',10000);
